name,url,imagePaths
Think different hoodie,,
Defcon 1,,
Porsche 911 Lego,https://www.amazon.com/LEGO-Porsche-Building-Engaging-Project/dp/B08T26NDPN/ref=sr_1_1_mod_primary_new?crid=SNI2LPIAM7HW&dib=eyJ2IjoiMSJ9.hxV5NnGgIPjZyJWD81IQ1DqL3qqirmzG5qPXLNQCL7akJkTDJOijFNn_TTgtET0Vd_jVH8qHgbOtygpJMS1BGTaTAkz2PBpxmcJg3rNq8WCg9p7Zw2VYWZil2pWZl7Z5qLpJA0oqiZgGGndhBn4Damuhyzx3pKIxGTNVE9KvY2fSNbbaIJm003KzTFk0uIxDLAuUje_sEzRGYrU-iwzgx7JOy8JDzsnzdEY1hhTGu4jurLRCmljx2jWOj7nifHxbSVJCwBkzUg6JoxNxIqbzKlML4b9sm3UuxuEwYMUV2YQ.QdiYEXGb17Takb0RGplPiUduiw7r-DlXH5mPFdyvyzw&dib_tag=se&keywords=Porsche+911+Lego&qid=1744852200&sbo=RZvfv%2F%2FHxDF%2BO5021pAnSA%3D%3D&sprefix=escape+board+game%2Caps%2C213&sr=8-1,
Shotgun,https://www.amazon.com/Shotgun-Hilarious-Family-Card-Trips/dp/B08PPVVK9M/ref=sr_1_1?crid=DW3KKB24136R&dib=eyJ2IjoiMSJ9.q7U2WCg2Hheu1g6XD3_vAZ9omOgKaLXUBAnTYcX0CePcvt0ScvHMoWYrdPNlbLU1gAS8X5EOzfpmYhJP8x15FcScegeX_ZuiiOzTDV2dwd1kOoWVQN0wQB2uh7sVIOjAVRPtrF3iT8-Sr36gGmvKH0l1s0ZO4iUl0zgpHxcOBaa8QHvLcqjxACSTsKf5ri5V79bvwfw5tgjauvcJNWAyaclM90pj9d6WT1BN8zEHyAraEWeH-Y4UA6XSSXiChu0t63b3Tm9DTbLQD4eqlHzOOhyFeUbE3vM1yk-aKwbjEIE.Z5TGkoIJimQ35Cx6mIHrMeeVGCc6H4Nuy1bBva9QKLs&dib_tag=se&keywords=Shotgun+board+game&qid=1744852240&sprefix=shotgun+board+game%2Caps%2C213&sr=8-1,
Adidas World Cup Ball Set,https://www.amazon.com/Brazil-Famous-Football-Replica-Birthday/dp/B0CQVRZTXD/ref=sr_1_1?crid=RU6FQI6UN7G1&dib=eyJ2IjoiMSJ9.M_G4dEa2PlQFSBrW2w9o-yJ43UCCb1Y2R64IpyrlIwgV6vJ85CDhztVxxiMc2jAP50ug40ELstpJwem1kWexKqw7gRHolRUH0XB5-CddKdbn-ZaeJsKxltdY_GNRzi0BAIwvA07iFSqRdc_HIcgN5GpQIDG2aQjEa1plyvol2h4VhlduAeAjdsqzGW_gSXWt-Kcf_aT_uCtHemQthsZl3sPi_1l8Txx789OXEm4DeXtEu4uZ-WSXIGvNasGgoC92wqRvk-br7faq7klje02f0A0Vw2bn9sNkKgm7RHOQaGA.ZRiMeAnu01FGizlFCE0eKASvGvpiM2sztwWIRbNmeXM&dib_tag=se&keywords=2014+world+cup+ball&qid=1744852278&sprefix=2014+world+cup+bal%2Caps%2C207&sr=8-1,
Chema Sapri Vieja,,
Chema Sapri Vieja - blanca,,
Anker Mag Safe Charger Stand,https://www.amazon.com/Anker-Compatible-Wireless-Charging-Certified/dp/B0D2NSPC39/ref=sr_1_4?crid=2QA9BHCTS43CS&dib=eyJ2IjoiMSJ9.mGQxseQXf4Lniw-KLGfoD9o-Fn0PbH91Tr2gjGqQwmvrxvUhX3JFJqMyM_D7aRgt0ajL-_OpSOJd3aILod-GS_pWUXdCkmDX1K8peeSbYxEeWQKvm8DVHFvLT29zX8GxwFQJyz8Y2v3QsrA-P8mwlWBxUuZdUOg_TJCqHug3VnUO-W9kJS_CuLmYMqIyfqZdWNtW_2nD3DEh7kRbo8gv3lZvTmq__i8jQ5WC5jOB1C0.P0RXZQrmsVR_TzhaIO1NuzGEqhPygLfm8grrSDChVss&dib_tag=se&keywords=Anker+Mag+Safe+Charger+Stand&qid=1744852316&sprefix=lego+rivendell%2Caps%2C197&sr=8-4,
PS5,https://www.amazon.com/PlayStation®5-console-slim-PlayStation-5/dp/B0CL61F39H/ref=sr_1_3?crid=1EJP4CCR1K6UQ&dib=eyJ2IjoiMSJ9.nRLN6tL2VMjei1uWpjwzT59bSV9lNNgGUvt4ebr2hciD35MIhraNQZN1OBiaJnE3XfpX1_D1brjnPBw38WDTPNK-YyWCqzs5zX6-vpxKZks9ulEi2FgWoNc8QRuPix93Ie8LUS6Zi1oRNBfvA0UgTiTlo6qHiVVoK-YVAVq0s58gb5-535jNsmEC1W_VYC6iRlhKTcGkS3nWH2kuDo3L7ecZPyICHpS_byZvFvZl9XI.q1oGSAQUJmCWN3qs9voXGH0DfwaGgpOeCb92_GhnRq0&dib_tag=se&keywords=PS5&qid=1744852361&sprefix=ps5%2Caps%2C217&sr=8-3&th=1,
Hario Cold Brew Tea,https://www.amazon.com/Hario-Filter-Bottle-750ml-Olive/dp/B00B7XK1IU/ref=sr_1_1?crid=DP61YJV6Y0UO&dib=eyJ2IjoiMSJ9.VwXqaHi1EmXgKi--hTSLeydi2JMyFnzpv96qbWn91RHnKDdmBzUDPKTKDJDUoFU9NTY0ZZ1EpIwbKCdJe1GMyKvx3Yi1CESp-dU0P_2N4TtyDR53h5pHfq1yjyx_YbrVlBzcKJJeqNQU_KEXLH6BL3AO1NKp4aFWBTJfuyASAmJEj5ARefNrYLL39y-azSuWNPxt70TQb_bxCG1SxJ0phuKnBnKZOqTwHrzK0tvfpQcoEyoXoeVWm6bji9epLCh5eUQjJLdORygmPyVzVCOlqae28HiE-3ey3n8mDbsd6_I.8TpJraGm5r296I3dJhDAlYCsfA02YElSSBDOcju8Sj4&dib_tag=se&keywords=Hario%2BCold%2BBrew%2BTea&qid=1744852403&sprefix=ps5%2Caps%2C320&sr=8-1&th=1,
Solo Stove Mesa XL,https://www.amazon.com/Solo-Stove-Mesa-XL-Stainless/dp/B0BV6B3QWG/ref=sr_1_6?crid=1O0GS90Z5RG&dib=eyJ2IjoiMSJ9.MEXZUyXiUe89xPwdSwIawtEcrTPG3hsvaQK7VX6i67z5ECmvv5Xf0laumXEMVvGVLse7Fh3MWUKc7d92S5jThL2dykKPQOOU13svTcO5zMM5Q1wbqOj7sSx54IgPa_RAPiToCP9PutKG81tm0v35Jt78xJgsv2cCL9Kt87OaWAmiGSjscRhs9zbKgqdmpQ3AyPG_BTi6FxntvTz8eH5Fe-pRRR6HLykim3KzRL0hSRJSrhwsCkiCWdazlJdl0ip0BAjrKyLA9dFQzLeyL0Uf0BGDxtujVswhBU3-_0Qs9hw.XfZPbmZTKvnm03TVwb3pjq-5J1bsTbyDZ-e1s2SpnS4&dib_tag=se&keywords=Solo%2BStove%2BMesa%2BXL&qid=1744852408&sprefix=hario%2Bcold%2Bbrew%2Btea%2Caps%2C189&sr=8-6&th=1,
NASA Pullover Hoodie,https://www.amazon.com/Official-NASA-Logo-Pullover-Hoodie/dp/B07R4CC1Z9/ref=sr_1_3?crid=2WU94K6C5BM98&dib=eyJ2IjoiMSJ9.fRl4xH9YDoftOs7RYwlV7f-JVpmi3sxkQsB2_mH4R-mbh_02OUTJysEbcAk-S9dWVNyiklJWJSGwInVMmOe6wgfhsnRYUSRJaw10HtGbIede1tYNchdKZ6HfzFZSxA0gIhGVLG7uxKkxyb-41sTflL3JJ46rLlcIy_QZ_NjVJkHAcRQUAHzb8SryNoI0qoLegNf5LGk0aauZ3eHOu4t9mg_nmOGGnd-khzdSwVYebLNS9_CqOVTr54VyF7ogACiityqU_h5_9FwcTBREUP6FwV9_KzPdc7RmPk5GdStSlK0.LwarubqKo7vpRIhBesfqxAuA8h2HMBzOjo039vGM-zc&dib_tag=se&keywords=nasa%2Bpullover%2Bhoodie&qid=1744852424&sprefix=nasa%2Bpullover%2Caps%2C218&sr=8-3&customId=B078RXQC7K&customizationToken=MC_Assembly_1%23B078RXQC7K&th=1&psc=1,
Pandemic Board Game,https://www.amazon.com/Z-Man-Games-ZM7101-Pandemic/dp/B00A2HD40E/ref=sr_1_3?crid=3MYGO9NBN61DW&dib=eyJ2IjoiMSJ9.4ycvgE-8iMcnYKBMZAydlSKHzJTU1ZqcaS1oxqev--pMaRA2wfCYbYH7tGM9C-LW-I3PDF6eAfcSOswhx7oUAaBsKokZipFEHXJ3igyqdqhEPED3T13Gk72xFyP1BSSlhIMzz42smbs1Jbfpuoc-Po9sAW360xHV9vVwV0HAWg4AiowBRrfjzU4reMakYP_NS1f_JTuhSIDmYvKn61QbtfOMw6tNpTRepZrTBTnbjv0T_Y5aaFGcI5FCoEws1LWf-PVg0fJnQBINFxc6vAfLvA1aWYjFdIedUjl2opxznKg.YsAar_WNEUlfxw0VWvU1XJY8mIymmbPssjuM6BL5ayQ&dib_tag=se&keywords=pandemic+board+game&qid=1744852492&sprefix=pandemic+board+gam%2Caps%2C220&sr=8-3,
Star Labs Hoodie,https://www.amazon.com/New-York-Fashion-Police-Laboratories/dp/B01N3LR9OV/ref=sr_1_2?crid=1DFJ9HUURAVL3&dib=eyJ2IjoiMSJ9._MV57ha2Ia8_R3o_b8tQqZjuI90beg7PdrHWy9aysaaYAXXorOiZa_DukYnhQSwtFLdogh6Ntv5tSYT03uiRGXPN5UCgEcrT71hJhuYk0mruArt2PuCbXyX_EWGNwkGt4StJ1gQbAWcGJE7TmxjSlKPvvuFqjmsgRCYXxTw-n71-3zuReP8V8E66PMUw3zrNWHka6eA0EMq8uD9EjysiRKkBNkYTSvgT1SrYt8otfp5XyVsI4FjJVMysg0-xZ0pvSlIiEv3B6rPVV22iidTxqisWzl9rg2VArpZjzgyBTxQ.nj5N8jE32RC76m2saQKdiq07acYfCy5uF0_QE9Gu3Yc&dib_tag=se&keywords=star%2Blabs%2Bhoodie&qid=1744852445&sprefix=star%2Blabs%2Bhood%2Caps%2C206&sr=8-2&th=1&psc=1,
Car Magsafe,,
Breathe in and out print,https://www.goodmoodprints.io/products/breathe-2,
Prestige Wine Holder,https://prestigewine.fr/products/prestigewine-chain,
T-Rex Lego,https://www.lego.com/en-us/product/dinosaur-fossils-tyrannosaurus-rex-76968,
Ice Barrel,,
Apple Watch Band - Braided,,
Apple Watch Band - Metal,,
Apple Watch Band - White,,
Retro Gaming Console,https://retrogamesofficial.com/products/retrogamer-pro?variant=46253191266571,
SSD Drive Portable,,
48 Laws of Power,,
Hickman’s Fantastic Four,,
Shoe Dog,,
Smart scale,,
Smart water bottle,,
Smart scale for food,,
SSD for Time Machine Backup,,
Workout Oxygen Mask Smart,,
Server Rack,,
Office Chair,,
Chema Messi 2018,,
USB A to USB C for Mac,,
ON THE SHORTNESS OF LIFE - Lucius Seneca,,
Fujifilm case,https://www.amazon.com/dp/B0CW2VNGKV?psc=1&ref_=cm_sw_r_apin_ct_TJ9VQVMDFNEA6E4QHFD6&language=en-US,
Anti Theft Backpack,https://www.amazon.com/dp/B072ZXD8LD?psc=1&ref_=cm_sw_r_apin_ct_618MEA3NWKBTB2ZGVWR6&language=en-US,
Apple Watch Band Storage,https://a.co/d/697h00x,
Glasses storage,https://a.co/d/fa3Wcjl,
Belt Hanger,https://a.co/d/etrK6wl,